{
  "eval_loss": 0.23348428308963776,
  "eval_accuracy": 0.9220183486238532,
  "eval_precision": 0.9140969162995595,
  "eval_recall": 0.9346846846846847,
  "eval_f1": 0.9242761692650334,
  "eval_runtime": 4.1335,
  "eval_samples_per_second": 210.961,
  "eval_steps_per_second": 6.774,
  "epoch": 2.0
}