Metric,Value
Accuracy,0.85
Precision,0.8385668276972624
Recall,0.8798423423423424
F1 Score,0.8357463260423786
